Model,AUC,Time (s)
kNN,0.6544485294117648,0.36977505683898926
LR,0.7268382352941176,0.05581808090209961
SVM,0.71,1.2891731262207031
DT,0.5573529411764706,0.17160606384277344
Stacking,0.6047794117647058,33.23980259895325
AdaBoost,0.6199264705882354,6.149118900299072
GBDT,0.6762499999999999,3.3244571685791016
RF,0.7143014705882352,8.996051788330078
