Model,Accuracy (%),Time (s)
kNN,83.63636363636363,0.005001465479532878
LR,77.0909090909091,0.013307889302571615
DT,79.63636363636364,0.006994009017944336
SVM,83.63636363636363,0.11535684267679851
