Model,Accuracy (%),Time (s)
kNN,89.31461988304093,0.13198097546895346
LR,87.39649122807018,0.21545791625976562
